loan_purpose_canon,total_exposure,avg_PD,sum_ECL,count_loans
medical,78111275.0,0.2768331773514272,10477613.478,8548
debtconsolidation,68222844.0,0.3004702589223233,9469913.700000001,7145
education,87021287.0,0.16915492188353545,6807553.176,9153
personal,72528792.0,0.20109043961864406,6458892.0,7552
venture,75522919.0,0.14474613121882593,5125043.432,7819
homeimprovement,49834973.0,0.2605164122935396,4939312.930000001,4783
